post_id,timestamp,email,post_type,post_audience,active_subscription,country,city,region,device_type,client_os,client_type,user_agent
162085383,2025-04-24T22:26:52.070Z,cbp.info@gmail.com,newsletter,everyone,false,US,,,,,,Mozilla/5.0 (Windows NT 5.1; rv:11.0) Gecko Firefox/11.0 (via ggpht.com GoogleImageProxy)
162085383,2025-04-24T22:26:56.613Z,cbp.info@gmail.com,newsletter,everyone,false,US,,,,,,Mozilla/5.0 (Windows NT 5.1; rv:11.0) Gecko Firefox/11.0 (via ggpht.com GoogleImageProxy)
162085383,2025-04-24T22:27:48.339Z,cbp.info@gmail.com,newsletter,everyone,false,CA,,,,,,Mozilla/5.0
162085383,2025-04-24T22:39:44.668Z,cbp.info@gmail.com,newsletter,everyone,false,CA,,,,,,Mozilla/5.0
162085383,2025-04-25T00:01:05.968Z,cbp.info@gmail.com,newsletter,everyone,false,US,,,,,,Mozilla/5.0 (Windows NT 5.1; rv:11.0) Gecko Firefox/11.0 (via ggpht.com GoogleImageProxy)
162085383,2025-04-25T22:25:06.053Z,cbp.info@gmail.com,newsletter,everyone,false,US,,,,,,Mozilla/5.0 (Windows NT 5.1; rv:11.0) Gecko Firefox/11.0 (via ggpht.com GoogleImageProxy)
162085383,2025-04-25T22:25:07.277Z,cbp.info@gmail.com,newsletter,everyone,false,US,,,,,,Mozilla/5.0 (Windows NT 5.1; rv:11.0) Gecko Firefox/11.0 (via ggpht.com GoogleImageProxy)
