post_id,timestamp,email,post_type,post_audience,active_subscription,country,city,region,device_type,client_os,client_type,user_agent
162046296,2025-04-24T13:56:28.909Z,cbp.info@gmail.com,newsletter,everyone,false,US,,,,,,Mozilla/5.0 (Windows NT 5.1; rv:11.0) Gecko Firefox/11.0 (via ggpht.com GoogleImageProxy)
162046296,2025-04-24T15:01:51.778Z,cbp.info@gmail.com,newsletter,everyone,false,US,,,,,,Mozilla/5.0 (Windows NT 5.1; rv:11.0) Gecko Firefox/11.0 (via ggpht.com GoogleImageProxy)
162046296,2025-04-25T23:01:31.688Z,cbp.info@gmail.com,newsletter,everyone,false,US,,,,,,Mozilla/5.0 (Windows NT 5.1; rv:11.0) Gecko Firefox/11.0 (via ggpht.com GoogleImageProxy)
162046296,2025-04-26T16:41:47.337Z,cbp.info@gmail.com,newsletter,everyone,false,CA,,,,,,Mozilla/5.0
162046296,2025-04-27T17:01:23.408Z,cbp.info@gmail.com,newsletter,everyone,false,US,,,,,,Mozilla/5.0 (Windows NT 5.1; rv:11.0) Gecko Firefox/11.0 (via ggpht.com GoogleImageProxy)
162046296,2025-04-30T02:01:04.592Z,cbp.info@gmail.com,newsletter,everyone,false,CA,,,,,,Mozilla/5.0
